{"cameraMode":{"drawMode":3,"name":"Shadow Cascades","section":"Miscellaneous"},"sceneLighting":true,"audioPlay":false,"sceneViewState":{"showFog":true,"showMaterialUpdate":false,"showSkybox":true,"showFlares":true,"showImageEffects":true,"showParticleSystems":true},"in2DMode":false,"pivot":{"x":-0.25999999046325686,"y":1.6299999952316285,"z":-8.075714111328125},"rotation":{"x":0.037627268582582477,"y":-0.9602357149124146,"z":0.16019821166992188,"w":0.22553987801074983},"size":4.751608371734619,"orthographic":false}