{"cameraMode":{"drawMode":0,"name":"Shaded","section":"Shading Mode"},"sceneLighting":false,"audioPlay":false,"sceneViewState":{"showFog":true,"showMaterialUpdate":false,"showSkybox":true,"showFlares":true,"showImageEffects":true,"showParticleSystems":true},"in2DMode":false,"pivot":{"x":-0.25999999046325686,"y":1.6299999952316285,"z":-8.819999694824219},"rotation":{"x":0.04700376093387604,"y":-0.9493952989578247,"z":0.17306487262248994,"w":0.25785231590270998},"size":6.875199794769287,"orthographic":false}